Product Name,Brand,Sale Price,Original Price Range
Mosaic Vintage Vinyl Design B Area Rug,bySpicher and Company,,"$39 — $1,802"
Technicolor Helio Carved Area Rug,byDelos,"$4,608 — $17,610",
Citrine Cristobol Area Rug,byJaipur Living,"$65 — $5,385",
Zelda Herringbone Area Rug,byCapel,,From $115
PureLife Tobago Area Rug,byKaleen,,From $108
Citrine Raisa Area Rug,byJaipur Living,"$65 — $4,115",
Citrine Raisa Area Rug,byJaipur Living,"$65 — $4,115",
Gaia Arinna Area Rug,byJaipur Living,"$75 — $6,190",
Citrine Ballare Area Rug,byJaipur Living,"$65 — $4,115",
PureLife Stratford Hall Area Rug,byKaleen,,From $156
Dreamweaver Windjammer Area Rug,byDelos,"$1,824 — $7,170",
Citrine Margot Area Rug,byJaipur Living,"$65 — $4,115",
Classic Vintage Vinyl Pattern 20 Area Rug,bySpicher and Company,,"$39 — $1,164"
Citrine Cristobol Area Rug,byJaipur Living,"$65 — $4,115",
Citrine Forza Area Rug,byJaipur Living,"$65 — $4,115",
Boutique Yarn Fremont Area Rug,byDelos,"$2,786 — $10,770",
Citrine Cristobol Area Rug,byJaipur Living,"$65 — $4,115",
Gaia Arinna Area Rug,byJaipur Living,"$75 — $4,775",
Citrine Lilith Area Rug,byJaipur Living,"$65 — $4,115",
Konstrukt Kelle Area Rug,byJaipur Living,"$70 — $3,725",
Gaia Kora Area Rug,byJaipur Living,"$75 — $4,775",
Citrine Alvea Area Rug,byJaipur Living,"$65 — $4,115",
Citrine Raisa Area Rug,byJaipur Living,"$65 — $2,045",
Linear Ines Carved Area Rug,byDelos,"$4,608 — $17,610",
Citrine Alvea Area Rug,byJaipur Living,"$65 — $4,115",
Citrine Sandia Area Rug,byJaipur Living,"$65 — $4,115",
Naturalist Grand Teton Area Rug,byDelos,"$2,400 — $9,330",
Sonnette Riona Area Rug,byJaipur Living,"$75 — $4,865",
Citrine Bronde Area Rug,byJaipur Living,"$65 — $2,045",
Primitive Agadez Area Rug,byDelos,"$4,128 — $15,810",
Citrine Sasha Area Rug,byJaipur Living,"$65 — $1,025",
Persian Bazaar Vintage Vinyl Samarkand Area Rug,bySpicher and Company,,"$39 — $1,802"
Persian Bazaar Vintage Vinyl Samarkand Area Rug,bySpicher and Company,,"$39 — $1,802"
Caesar CAE-1192 Area Rug,bySurya,"$70 — $2,666",
Painterly Olympia Area Rug,byDelos,"$4,608 — $17,610",
Persian Bazaar Vintage Vinyl Samarkand Area Rug,bySpicher and Company,,"$39 — $1,802"
Persian Bazaar Vintage Vinyl Samarkand Area Rug,bySpicher and Company,,"$39 — $1,802"
Persian Bazaar Vintage Vinyl Tabriz Area Rug,bySpicher and Company,,"$39 — $1,802"
Persian Bazaar Vintage Vinyl Farahan Area Rug,bySpicher and Company,,"$39 — $1,802"
Caesar CAE-1125 Area Rug,bySurya,"$70 — $2,666",
Persian Bazaar Vintage Vinyl Hamadan Area Rug,bySpicher and Company,,"$39 — $1,802"
Persian Bazaar Vintage Vinyl Farahan Area Rug,bySpicher and Company,,"$39 — $1,802"
Persian Bazaar Vintage Vinyl Tabriz Area Rug,bySpicher and Company,,"$39 — $1,802"
Caesar CAE-1154 Area Rug,bySurya,"$70 — $2,666",
Caesar CAE-1031 Area Rug,bySurya,"$70 — $2,666",
Persian Bazaar Vintage Vinyl Samarkand Area Rug,bySpicher and Company,,"$39 — $1,802"
Citrine Raisa Area Rug,byJaipur Living,"$65 — $4,115",
Caesar CAE-1053 Area Rug,bySurya,"$70 — $2,666",
